{"Epoch":18,"loss":17.537914276123047,"lr":5.340566131107393e-05,"_wandb":{"runtime":5893},"_timestamp":1.7355187912111933e+09,"_runtime":5893.77867122,"_step":17803,"Val-mAP":0.6753456729900492}